density_scenario,information_stock,information_scale,information_multiplier,worlds,mean_prior_cutoff_gap,budget_multiple,budget,cutoff_mean,cutoff_se,combined_mean,combined_se,combined_improvement_vs_cutoff_mean,combined_improvement_vs_cutoff_se,combined_win_rate_vs_cutoff,combined_pct_improvement_vs_cutoff,best_policy_by_mean
separated,balanced,low_info,0.65,100,0.4001004753720902,1,60,0.3455554680068609,0.03676037795473255,0.34599742488575397,0.03821023620048343,-0.00044195687889294624,0.03617489326738224,0.33,-0.12789752147234762,cutoff_only
separated,balanced,low_info,0.65,100,0.4001004753720902,3,180,0.22054652091850205,0.02788683730493996,0.2596088661314057,0.031890772975268586,-0.03906234521290363,0.0336656688754714,0.34,-17.711612520670062,cutoff_only
separated,balanced,low_info,0.65,100,0.4001004753720902,10,600,0.1335670237234437,0.02209311321589307,0.14680752390554808,0.021421716034102388,-0.013240500182104417,0.025505125127761947,0.28,-9.913000838829385,cutoff_only
separated,balanced,low_info,0.65,100,0.4001004753720902,30,1800,0.04531462724742757,0.010764021657663412,0.06488960666993056,0.01159828063107382,-0.019574979422503004,0.013849500335416135,0.3,-43.19792661124503,cutoff_only
separated,balanced,baseline_info,1.0,100,0.39642926028565845,1,60,0.24937704337155098,0.02972933931500696,0.23221754436932426,0.030883633130002357,0.017159499002226745,0.030174997212396353,0.34,6.880945723885468,cutoff_x_uncertainty
separated,balanced,baseline_info,1.0,100,0.39642926028565845,3,180,0.1559839912123339,0.02315020522540092,0.16664277053386914,0.023477534194492267,-0.010658779321535205,0.026829667420788395,0.31,-6.833252078430212,cutoff_only
separated,balanced,baseline_info,1.0,100,0.39642926028565845,10,600,0.057982103315759446,0.011387900914233414,0.10359602855944416,0.015171582781560689,-0.04561392524368474,0.01664749104178225,0.19,-78.66897307136311,cutoff_only
separated,balanced,baseline_info,1.0,100,0.39642926028565845,30,1800,0.031017174520249702,0.006921781438792076,0.053413493810321545,0.009759380734500405,-0.022396319290071843,0.011432159584439158,0.2,-72.20618781846265,cutoff_only
separated,balanced,high_info,1.5,100,0.3975156782965216,1,60,0.1521705544584645,0.021439223248722293,0.1442283584356726,0.01841352291883549,0.007942196022791963,0.024259990435936324,0.31,5.219272579413394,cutoff_x_uncertainty
separated,balanced,high_info,1.5,100,0.3975156782965216,3,180,0.07863543544144194,0.014677327090612303,0.09437323974374104,0.014265587434654382,-0.015737804302299107,0.017773253948681567,0.28,-20.013628987937253,cutoff_only
separated,balanced,high_info,1.5,100,0.3975156782965216,10,600,0.027345564161786476,0.0072433296994284056,0.04475396513630407,0.008085781618315784,-0.017408400974517603,0.008967159397525239,0.22,-63.660785608675184,cutoff_only
separated,balanced,high_info,1.5,100,0.3975156782965216,30,1800,0.010915655758614742,0.0033229568083091203,0.02096586041869035,0.004794839232943907,-0.010050204660075605,0.005288296522298392,0.19,-92.07146947762516,cutoff_only
separated,heterogeneous,low_info,0.65,100,0.4029330440090719,1,60,0.2388580319041712,0.037169632089889285,0.30943076422710347,0.03421291145874441,-0.07057273232293236,0.04132566856816218,0.23,-29.545890402063527,cutoff_only
separated,heterogeneous,low_info,0.65,100,0.4029330440090719,3,180,0.15788550458278372,0.030956984884905482,0.1660392737427547,0.022743573983263064,-0.008153769159970979,0.03311302524581584,0.24,-5.1643557662354835,cutoff_only
separated,heterogeneous,low_info,0.65,100,0.4029330440090719,10,600,0.0820566164702344,0.015411182011974944,0.11447443634341414,0.017498716527855812,-0.03241781987317979,0.018608228740161346,0.24,-39.506649515507604,cutoff_only
separated,heterogeneous,low_info,0.65,100,0.4029330440090719,30,1800,0.022677772605040065,0.005873547564204727,0.06050847234301156,0.010867154890967286,-0.03783069973797149,0.01091625633653151,0.21,-166.81841024177012,cutoff_only
separated,heterogeneous,baseline_info,1.0,100,0.3961389708081991,1,60,0.27658271541308976,0.03370991822370811,0.1961923550229187,0.030298972655450562,0.08039036039017101,0.03336777409990225,0.44,29.065576375625678,cutoff_x_uncertainty
separated,heterogeneous,baseline_info,1.0,100,0.3961389708081991,3,180,0.13584292546956553,0.02221040095882009,0.13065027152969497,0.02031669409738968,0.0051926539398705176,0.026298935802342667,0.33,3.8225427801419722,cutoff_x_uncertainty
separated,heterogeneous,baseline_info,1.0,100,0.3961389708081991,10,600,0.0491022041555336,0.010659867280970198,0.07510744346059955,0.012315582225493933,-0.02600523930506595,0.012780268583602136,0.3,-52.96145000475559,cutoff_only
separated,heterogeneous,baseline_info,1.0,100,0.3961389708081991,30,1800,0.020943343154657887,0.004860825007621767,0.04256692982937246,0.008562683717034341,-0.02162358667471458,0.009199701411516837,0.23,-103.24801783093261,cutoff_only
separated,heterogeneous,high_info,1.5,100,0.39675003727180963,1,60,0.1612620064451539,0.026350666814518763,0.11263341485697911,0.01814773888517294,0.04862859158817482,0.023708032225184576,0.36,30.155020801327854,cutoff_x_uncertainty
separated,heterogeneous,high_info,1.5,100,0.39675003727180963,3,180,0.08580688520496293,0.016484866981263016,0.07380249056555538,0.013927036922120353,0.012004394639407572,0.018572341323283725,0.28,13.990013284753584,cutoff_x_uncertainty
separated,heterogeneous,high_info,1.5,100,0.39675003727180963,10,600,0.03452622561407425,0.008205326776692567,0.05525220284988138,0.010739763215051169,-0.020725977235807116,0.012002988531852147,0.24,-60.02966402258112,cutoff_only
separated,heterogeneous,high_info,1.5,100,0.39675003727180963,30,1800,0.01248074406872289,0.0032218143943073237,0.01737271775910478,0.004847470717967144,-0.004891973690381888,0.005837660488580888,0.21,-39.19617022386764,cutoff_only
moderate,balanced,low_info,0.65,100,0.15916915752523697,1,60,0.4697022440471995,0.047929063199877886,0.48489385695778453,0.04839778065207228,-0.015191612910585382,0.04017612069716892,0.36,-3.2343070749857445,cutoff_only
moderate,balanced,low_info,0.65,100,0.15916915752523697,3,180,0.3358390162321785,0.03574943671305397,0.31434639938083103,0.03633826529645853,0.021492616851347502,0.0377389640574456,0.45,6.399678361518552,cutoff_x_uncertainty
moderate,balanced,low_info,0.65,100,0.15916915752523697,10,600,0.14348468102665257,0.01984838448211796,0.21298760341046707,0.028575299944646627,-0.06950292238381456,0.028889277263246867,0.32,-48.43926326246929,cutoff_only
moderate,balanced,low_info,0.65,100,0.15916915752523697,30,1800,0.03236866290836448,0.006681931842161605,0.10039875377313506,0.01602730344264633,-0.06803009086477059,0.016384002050347856,0.2,-210.17269405709908,cutoff_only
moderate,balanced,baseline_info,1.0,100,0.15908640355765793,1,60,0.2920662968094361,0.031243524932472667,0.31246511512097075,0.03353616902140193,-0.020398818311534502,0.035370831480243566,0.37,-6.984310937062375,cutoff_only
moderate,balanced,baseline_info,1.0,100,0.15908640355765793,3,180,0.17422465418819386,0.021501536813393125,0.19406428612034987,0.02307286236311696,-0.01983963193215603,0.0264215560717622,0.35,-11.387384882236972,cutoff_only
moderate,balanced,baseline_info,1.0,100,0.15908640355765793,10,600,0.08707733646923532,0.016081330410773653,0.10262180629984266,0.01567722847754325,-0.015544469830607357,0.019604086616340548,0.39,-17.851338202218972,cutoff_only
moderate,balanced,baseline_info,1.0,100,0.15908640355765793,30,1800,0.03961568278359719,0.009110705537797163,0.06242268999538138,0.01038702982873995,-0.022807007211784188,0.013137280921548736,0.28,-57.570652855760926,cutoff_only
moderate,balanced,high_info,1.5,100,0.15823755171884535,1,60,0.1887207546848129,0.020548580773661437,0.18666666592054015,0.023485996964860485,0.002054088764272668,0.025446349675402387,0.35,1.0884275911800223,cutoff_x_uncertainty
moderate,balanced,high_info,1.5,100,0.15823755171884535,3,180,0.09699593818128437,0.01428776107992941,0.13477664745104304,0.017888225139015036,-0.03778070926975872,0.017620253315101326,0.28,-38.950815856996996,cutoff_only
moderate,balanced,high_info,1.5,100,0.15823755171884535,10,600,0.056400387842181446,0.010311691125480677,0.09469032532471426,0.013663350863379786,-0.0382899374825328,0.01575725755245836,0.25,-67.88949322418672,cutoff_only
moderate,balanced,high_info,1.5,100,0.15823755171884535,30,1800,0.023458023048530535,0.005079511033043181,0.035014998496920635,0.007287381231037214,-0.011556975448390098,0.009032916802414935,0.17,-49.26662159245365,cutoff_only
moderate,heterogeneous,low_info,0.65,100,0.161439101048588,1,60,0.458069777340375,0.04502932190000359,0.39675190202577154,0.03992700484711134,0.06131787531460341,0.04350817883316198,0.38,13.386142973811678,cutoff_x_uncertainty
moderate,heterogeneous,low_info,0.65,100,0.161439101048588,3,180,0.32093469125388274,0.03567380181013976,0.31227634870152277,0.03348810952485931,0.00865834255236013,0.03851831072023919,0.38,2.6978518646682383,cutoff_x_uncertainty
moderate,heterogeneous,low_info,0.65,100,0.161439101048588,10,600,0.14845957461250067,0.023414033087996666,0.14723936703006968,0.01846214405770926,0.0012202075824309766,0.02455966818923163,0.36,0.8219123526494545,cutoff_x_uncertainty
moderate,heterogeneous,low_info,0.65,100,0.161439101048588,30,1800,0.03545942544700234,0.007349758891626283,0.0868545213452796,0.012849595155071244,-0.051395095898277246,0.014533294829711312,0.26,-144.9405771537172,cutoff_only
moderate,heterogeneous,baseline_info,1.0,100,0.15781983541788183,1,60,0.28411693246935704,0.030021694952339566,0.24693680523929917,0.027094296769880687,0.037180127230057966,0.03100978655766764,0.41,13.08620605851007,cutoff_x_uncertainty
moderate,heterogeneous,baseline_info,1.0,100,0.15781983541788183,3,180,0.18738172932228037,0.023648387793772728,0.20232508934788854,0.02023192628005634,-0.014943360025608067,0.02345414032894611,0.28,-7.974822347757706,cutoff_only
moderate,heterogeneous,baseline_info,1.0,100,0.15781983541788183,10,600,0.09375348297840656,0.013941845774048254,0.11618104406016623,0.014707173611874014,-0.022427561081759712,0.01682470499419302,0.29,-23.92184308173944,cutoff_only
moderate,heterogeneous,baseline_info,1.0,100,0.15781983541788183,30,1800,0.020313277022503608,0.005584599060366258,0.055896193937749555,0.010321772251904882,-0.035582916915245955,0.011473556078475755,0.19,-175.17073624224304,cutoff_only
moderate,heterogeneous,high_info,1.5,100,0.16186626659809902,1,60,0.19055340843387636,0.02630518797948455,0.1348073635817732,0.01821895549719319,0.05574604485210311,0.025042824110479468,0.41,29.254813813234655,cutoff_x_uncertainty
moderate,heterogeneous,high_info,1.5,100,0.16186626659809902,3,180,0.09530242180318199,0.01735104079132964,0.1026235997992736,0.014827856043181143,-0.007321177996091603,0.021014785699293805,0.28,-7.682048218261712,cutoff_only
moderate,heterogeneous,high_info,1.5,100,0.16186626659809902,10,600,0.04861367319190696,0.011413860962560491,0.0627675718912517,0.00953162522821967,-0.014153898699344745,0.013053542870357888,0.31,-29.115057081720455,cutoff_only
moderate,heterogeneous,high_info,1.5,100,0.16186626659809902,30,1800,0.015015400940508612,0.0033045990424730677,0.02771742632199573,0.005669814003629965,-0.012702025381487117,0.00549234601425049,0.16,-84.59331476936815,cutoff_only
crowded,balanced,low_info,0.65,100,0.05511564441462352,1,60,0.3991681471486808,0.04745850166843996,0.4321983116176609,0.04758395021194944,-0.03303016446897996,0.0486328948357938,0.36,-8.274749552267505,cutoff_only
crowded,balanced,low_info,0.65,100,0.05511564441462352,3,180,0.27971407706570206,0.036772159607311054,0.25973570170532106,0.029725951272958656,0.01997837536038093,0.036858293625717034,0.35,7.142427571025753,cutoff_x_uncertainty
crowded,balanced,low_info,0.65,100,0.05511564441462352,10,600,0.1484120604398587,0.021817147259906272,0.16895421456066154,0.0209528179063963,-0.020542154120802777,0.02766028779871258,0.33,-13.84129703470232,cutoff_only
crowded,balanced,low_info,0.65,100,0.05511564441462352,30,1800,0.05644241787918359,0.01111559223927194,0.09252996860245365,0.014244762069349807,-0.03608755072327002,0.016278801884145946,0.28,-63.9369326815806,cutoff_only
crowded,balanced,baseline_info,1.0,100,0.05506114665007817,1,60,0.31692013615327863,0.031999461335586746,0.2971511402961823,0.035606839472198615,0.01976899585709642,0.03336551674936736,0.41,6.237847836697612,cutoff_x_uncertainty
crowded,balanced,baseline_info,1.0,100,0.05506114665007817,3,180,0.21256038821886747,0.02341283084591908,0.19261293196285703,0.027917031191425922,0.019947456256010496,0.025959077357834905,0.41,9.384371388836174,cutoff_x_uncertainty
crowded,balanced,baseline_info,1.0,100,0.05506114665007817,10,600,0.09477215255703758,0.016463498504672745,0.09520084516546799,0.01800482832326797,-0.0004286926084304232,0.022414101771610677,0.29,-0.4523402675405302,cutoff_only
crowded,balanced,baseline_info,1.0,100,0.05506114665007817,30,1800,0.020689535691696036,0.004695220792629348,0.056801081100329325,0.010305564556336317,-0.036111545408633296,0.011525531921437708,0.28,-174.5401440938428,cutoff_only
crowded,balanced,high_info,1.5,100,0.05532922265331829,1,60,0.19937663767723696,0.022993343726879358,0.16933179009901092,0.02152689603001632,0.030044847578225994,0.02406178990770661,0.38,15.069392245878086,cutoff_x_uncertainty
crowded,balanced,high_info,1.5,100,0.05532922265331829,3,180,0.11174383228815814,0.015986701400660504,0.11636693920084096,0.016890715680298846,-0.004623106912682822,0.02113631610772799,0.41,-4.137236765570235,cutoff_only
crowded,balanced,high_info,1.5,100,0.05532922265331829,10,600,0.05295776842108204,0.009434605147258962,0.08278264645445191,0.012564624090221346,-0.029824878033369865,0.01372592415544136,0.26,-56.31823039865259,cutoff_only
crowded,balanced,high_info,1.5,100,0.05532922265331829,30,1800,0.015292290524493289,0.003161331176931793,0.03886066710797333,0.006620484217439894,-0.023568376583480048,0.00715558534884961,0.23,-154.11933579035235,cutoff_only
crowded,heterogeneous,low_info,0.65,100,0.05467576469287794,1,60,0.3545255612165854,0.0406588690327505,0.3822769324003963,0.04091341668991778,-0.027751371183810814,0.04437552536440219,0.29,-7.827749031291161,cutoff_only
crowded,heterogeneous,low_info,0.65,100,0.05467576469287794,3,180,0.2503239197260769,0.03300773485473946,0.30733402920801617,0.03395067688964825,-0.0570101094819392,0.04070153336496177,0.28,-22.774535307821925,cutoff_only
crowded,heterogeneous,low_info,0.65,100,0.05467576469287794,10,600,0.12761911257740957,0.018767674354248674,0.16252629641935606,0.021624795162240116,-0.03490718384194645,0.02068819924941736,0.27,-27.352630132710647,cutoff_only
crowded,heterogeneous,low_info,0.65,100,0.05467576469287794,30,1800,0.03991145733172537,0.009010270076587721,0.0709611700529186,0.010489782803037053,-0.03104971272119323,0.012645909317189638,0.28,-77.79648952210023,cutoff_only
crowded,heterogeneous,baseline_info,1.0,100,0.05533903915503096,1,60,0.281728010179219,0.029679713139913938,0.24993247220853818,0.02867929650894487,0.03179553797068079,0.028568234473981925,0.4,11.285898746970283,cutoff_x_uncertainty
crowded,heterogeneous,baseline_info,1.0,100,0.05533903915503096,3,180,0.19709490619196754,0.025622756494315217,0.18381968495901801,0.019811721244315208,0.013275221232949547,0.025879611873209068,0.34,6.735446130718202,cutoff_x_uncertainty
crowded,heterogeneous,baseline_info,1.0,100,0.05533903915503096,10,600,0.07220645371559069,0.011721672335142078,0.1153815281860319,0.015528042888259963,-0.04317507447044118,0.017036045640352805,0.22,-59.793927341315886,cutoff_only
crowded,heterogeneous,baseline_info,1.0,100,0.05533903915503096,30,1800,0.030683644300655063,0.005781535033862676,0.0745599370601326,0.010794557877416065,-0.04387629275947754,0.011778558100328391,0.26,-142.99570262760747,cutoff_only
crowded,heterogeneous,high_info,1.5,100,0.054622007717125595,1,60,0.2645586437175648,0.03283484765116322,0.2170791088636941,0.024043093533834443,0.04747953485387068,0.03748500327485152,0.41,17.946695744539145,cutoff_x_uncertainty
crowded,heterogeneous,high_info,1.5,100,0.054622007717125595,3,180,0.15895518880461698,0.026121961212252704,0.13229030032645808,0.01586662925360119,0.026664888478158875,0.027927285401453412,0.34,16.775097861658715,cutoff_x_uncertainty
crowded,heterogeneous,high_info,1.5,100,0.054622007717125595,10,600,0.04642899619397481,0.010050245403356153,0.09123362208395112,0.013625257127604628,-0.044804625889976316,0.01719105648032665,0.2,-96.50138827638644,cutoff_only
crowded,heterogeneous,high_info,1.5,100,0.054622007717125595,30,1800,0.014059098214359937,0.0035013754694940176,0.024527671482604832,0.005026239398267884,-0.010468573268244893,0.005086918450796654,0.19,-74.46120020381046,cutoff_only
